molecule,a,b
CO2,3.64,0.04267
H2,0.2476,0.02661
CH3OH,9.649,0.06702
H20,5.536,0.03049
CO,1.505,0.3985
